[{"pk": 1, "model": "contenttypes.contenttype", "fields": {"model": "permission", "name": "permission", "app_label": "auth"}}, {"pk": 2, "model": "contenttypes.contenttype", "fields": {"model": "group", "name": "group", "app_label": "auth"}}, {"pk": 3, "model": "contenttypes.contenttype", "fields": {"model": "user", "name": "user", "app_label": "auth"}}, {"pk": 4, "model": "contenttypes.contenttype", "fields": {"model": "contenttype", "name": "content type", "app_label": "contenttypes"}}, {"pk": 5, "model": "contenttypes.contenttype", "fields": {"model": "session", "name": "session", "app_label": "sessions"}}, {"pk": 6, "model": "contenttypes.contenttype", "fields": {"model": "site", "name": "site", "app_label": "sites"}}, {"pk": 7, "model": "contenttypes.contenttype", "fields": {"model": "vote", "name": "vote", "app_label": "rating"}}, {"pk": 8, "model": "contenttypes.contenttype", "fields": {"model": "userrating", "name": "user rating", "app_label": "rating"}}, {"pk": 9, "model": "contenttypes.contenttype", "fields": {"model": "bugreport", "name": "bug report", "app_label": "knoatom"}}, {"pk": 10, "model": "contenttypes.contenttype", "fields": {"model": "basecategory", "name": "base category", "app_label": "web"}}, {"pk": 11, "model": "contenttypes.contenttype", "fields": {"model": "atom", "name": "atom", "app_label": "web"}}, {"pk": 12, "model": "contenttypes.contenttype", "fields": {"model": "video", "name": "video", "app_label": "web"}}, {"pk": 13, "model": "contenttypes.contenttype", "fields": {"model": "exposition", "name": "exposition", "app_label": "web"}}, {"pk": 14, "model": "contenttypes.contenttype", "fields": {"model": "note", "name": "note", "app_label": "web"}}, {"pk": 15, "model": "contenttypes.contenttype", "fields": {"model": "example", "name": "example", "app_label": "web"}}, {"pk": 16, "model": "contenttypes.contenttype", "fields": {"model": "class", "name": "class", "app_label": "web"}}, {"pk": 17, "model": "contenttypes.contenttype", "fields": {"model": "classcategory", "name": "class category", "app_label": "web"}}, {"pk": 18, "model": "contenttypes.contenttype", "fields": {"model": "question", "name": "question", "app_label": "assignment"}}, {"pk": 19, "model": "contenttypes.contenttype", "fields": {"model": "assignment", "name": "assignment", "app_label": "assignment"}}, {"pk": 20, "model": "contenttypes.contenttype", "fields": {"model": "assignmentinstance", "name": "assignment instance", "app_label": "assignment"}}, {"pk": 21, "model": "contenttypes.contenttype", "fields": {"model": "questioninstance", "name": "question instance", "app_label": "assignment"}}, {"pk": 22, "model": "contenttypes.contenttype", "fields": {"model": "choiceinstance", "name": "choice instance", "app_label": "assignment"}}, {"pk": 23, "model": "contenttypes.contenttype", "fields": {"model": "variable", "name": "variable", "app_label": "assignment"}}, {"pk": 24, "model": "contenttypes.contenttype", "fields": {"model": "logentry", "name": "log entry", "app_label": "admin"}}, {"pk": 25, "model": "contenttypes.contenttype", "fields": {"model": "category", "name": "Category", "app_label": "pybb"}}, {"pk": 26, "model": "contenttypes.contenttype", "fields": {"model": "forum", "name": "Forum", "app_label": "pybb"}}, {"pk": 27, "model": "contenttypes.contenttype", "fields": {"model": "topic", "name": "Topic", "app_label": "pybb"}}, {"pk": 28, "model": "contenttypes.contenttype", "fields": {"model": "post", "name": "Post", "app_label": "pybb"}}, {"pk": 29, "model": "contenttypes.contenttype", "fields": {"model": "profile", "name": "Profile", "app_label": "pybb"}}, {"pk": 30, "model": "contenttypes.contenttype", "fields": {"model": "attachment", "name": "Attachment", "app_label": "pybb"}}, {"pk": 31, "model": "contenttypes.contenttype", "fields": {"model": "topicreadtracker", "name": "Topic read tracker", "app_label": "pybb"}}, {"pk": 32, "model": "contenttypes.contenttype", "fields": {"model": "forumreadtracker", "name": "Forum read tracker", "app_label": "pybb"}}, {"pk": 33, "model": "contenttypes.contenttype", "fields": {"model": "pollanswer", "name": "Poll answer", "app_label": "pybb"}}, {"pk": 34, "model": "contenttypes.contenttype", "fields": {"model": "pollansweruser", "name": "Poll answer user", "app_label": "pybb"}}, {"pk": 35, "model": "contenttypes.contenttype", "fields": {"model": "kvstore", "name": "kv store", "app_label": "thumbnail"}}, {"pk": "k1i88l6ge15br1oi5e4sw231v4ikez40", "model": "sessions.session", "fields": {"expire_date": "2013-08-20T20:08:49Z", "session_data": "MTIyY2JhYTU4YWUxNDZiNmU1MmRiZjVjMzEwZTc2NjBlYzZhZWFlMTqAAn1xAShVEl9hdXRoX3VzZXJfYmFja2VuZFUpZGphbmdvLmNvbnRyaWIuYXV0aC5iYWNrZW5kcy5Nb2RlbEJhY2tlbmRVDV9hdXRoX3VzZXJfaWSKAQFVD2RqYW5nb19sYW5ndWFnZVgFAAAAZW4tdXNxAnUu"}}, {"pk": 1, "model": "sites.site", "fields": {"domain": "example.com", "name": "example.com"}}, {"pk": 2, "model": "web.basecategory", "fields": {"date_created": "2013-08-06T19:02:11Z", "date_modified": "2013-08-06T19:02:11Z", "summary": "A computer network or data network is a telecommunications network that allows computers to exchange data. The physical connection between networked computing devices is established using either cable media or wireless media. The best-known computer network is the Internet.\r\nNetwork devices that originate, route and terminate the data are called network nodes.[1] Nodes can include hosts such as servers and personal computers, as well as networking hardware. Two devices are said to be networked when a process in one device is able to exchange information with a process in another device.", "parent_categories": [], "title": "web networking"}}, {"pk": 3, "model": "web.basecategory", "fields": {"date_created": "2013-08-06T19:02:32Z", "date_modified": "2013-08-06T19:02:32Z", "summary": "A web search engine is a software system that is designed to search for information on the World Wide Web. The search results are generally presented in a line of results often referred to as search engine results pages (SERPs). The information may be a specialist in web pages, images, information and other types of files. Some search engines also mine data available in databases or open directories. Unlike web directories, which are maintained only by human editors, search engines also maintain real-time information by running an algorithm on a web crawler.", "parent_categories": [], "title": "web Search"}}, {"pk": 4, "model": "web.basecategory", "fields": {"date_created": "2013-08-06T19:03:20Z", "date_modified": "2013-08-06T19:03:20Z", "summary": "Computer security (Also known as cybersecurity or IT Security) is information security as applied to computers and networks.\r\nThe field covers all the processes and mechanisms by which computer-based equipment, information and services are protected from unintended or unauthorized access, change or destruction. Computer security also includes protection from unplanned events and natural disasters[1] .", "parent_categories": [], "title": "web security "}}, {"pk": 5, "model": "web.basecategory", "fields": {"date_created": "2013-08-06T19:03:34Z", "date_modified": "2013-08-06T19:03:34Z", "summary": "Data mining (the analysis step of the \"Knowledge Discovery in Databases\" process, or KDD),[1] an interdisciplinary subfield of computer science,[2][3][4] is the computational process of discovering patterns in large data sets involving methods at the intersection of artificial intelligence, machine learning, statistics, and database systems.[2] The overall goal of the data mining process is to extract information from a data set and transform it into an understandable structure for further use.[2] Aside from the raw analysis step, it involves database and data management aspects, data pre-processing, model and inference considerations, interestingness metrics, complexity considerations, post-processing of discovered structures, visualization, and online updating.[2]", "parent_categories": [], "title": "Data Mining"}}, {"pk": 1, "model": "web.atom", "fields": {"date_created": "2013-08-06T19:04:07Z", "base_category": 2, "date_modified": "2013-08-06T19:04:07Z", "summary": "There is currently no summary.", "title": "Welcome & Web Overview"}}, {"pk": 2, "model": "web.atom", "fields": {"date_created": "2013-08-06T19:04:24Z", "base_category": 2, "date_modified": "2013-08-06T19:04:24Z", "summary": "Apache database", "title": "intro to Apache, MySQL"}}, {"pk": 3, "model": "web.atom", "fields": {"date_created": "2013-08-06T19:04:39Z", "base_category": 2, "date_modified": "2013-08-06T19:04:39Z", "summary": "Networking", "title": "TCP/IP"}}, {"pk": 4, "model": "web.atom", "fields": {"date_created": "2013-08-06T19:04:56Z", "base_category": 2, "date_modified": "2013-08-06T19:04:56Z", "summary": "none", "title": "Dynamic Page Generation"}}, {"pk": 5, "model": "web.atom", "fields": {"date_created": "2013-08-06T19:05:23Z", "base_category": 2, "date_modified": "2013-08-06T19:05:23Z", "summary": "client-side and server-side", "title": "Sessions and Personalization"}}, {"pk": 6, "model": "web.atom", "fields": {"date_created": "2013-08-06T19:05:34Z", "base_category": 4, "date_modified": "2013-08-06T19:05:34Z", "summary": "There is currently no summary.", "title": "Public Key Cryptography"}}, {"pk": 7, "model": "web.atom", "fields": {"date_created": "2013-08-06T19:05:49Z", "base_category": 3, "date_modified": "2013-08-06T19:05:49Z", "summary": "web search", "title": "Information Retrieval"}}, {"pk": 8, "model": "web.atom", "fields": {"date_created": "2013-08-06T19:06:05Z", "base_category": 3, "date_modified": "2013-08-06T19:06:05Z", "summary": "web Search", "title": "Link Analysis"}}, {"pk": 9, "model": "web.atom", "fields": {"date_created": "2013-08-06T19:06:14Z", "base_category": 2, "date_modified": "2013-08-06T19:06:14Z", "summary": "LSH", "title": "Deduplication"}}, {"pk": 10, "model": "web.atom", "fields": {"date_created": "2013-08-06T19:06:32Z", "base_category": 3, "date_modified": "2013-08-06T19:06:32Z", "summary": "search", "title": "MapReduce and Big Data"}}, {"pk": 11, "model": "web.atom", "fields": {"date_created": "2013-08-06T19:06:41Z", "base_category": 5, "date_modified": "2013-08-06T19:06:41Z", "summary": "There is currently no summary.", "title": "Supervised Learning"}}, {"pk": 12, "model": "web.atom", "fields": {"date_created": "2013-08-06T19:06:47Z", "base_category": 5, "date_modified": "2013-08-06T19:06:47Z", "summary": "There is currently no summary.", "title": "Unsupervised Learning "}}, {"pk": 13, "model": "web.atom", "fields": {"date_created": "2013-08-06T19:06:53Z", "base_category": 5, "date_modified": "2013-08-06T19:06:53Z", "summary": "There is currently no summary.", "title": "Rule Induction"}}, {"pk": 14, "model": "web.atom", "fields": {"date_created": "2013-08-06T19:06:59Z", "base_category": 5, "date_modified": "2013-08-06T19:06:59Z", "summary": "There is currently no summary.", "title": "Text Mining"}}, {"pk": 15, "model": "web.atom", "fields": {"date_created": "2013-08-06T19:07:23Z", "base_category": 5, "date_modified": "2013-08-06T19:07:23Z", "summary": "Context Delivery Network", "title": "DNS"}}, {"pk": 2, "model": "web.classcategory", "fields": {"date_modified": "2013-08-06T19:08:25Z", "title": "tyan category web 1", "parent_class": 1, "child_atoms": [9, 15, 4], "parent_categories": [], "date_created": "2013-08-06T19:08:25Z"}}, {"pk": 3, "model": "web.classcategory", "fields": {"date_modified": "2013-08-06T19:08:39Z", "title": "tyan category web 2", "parent_class": 1, "child_atoms": [14, 12, 1], "parent_categories": [], "date_created": "2013-08-06T19:08:39Z"}}, {"pk": 1, "model": "pybb.category", "fields": {"position": 0, "hidden": false, "name": "Atoms"}}, {"pk": 1, "model": "pybb.pollanswer", "fields": {"topic": 8, "text": "yes!!!"}}, {"pk": 2, "model": "pybb.pollanswer", "fields": {"topic": 8, "text": "no!!!"}}, {"pk": 1, "model": "auth.permission", "fields": {"codename": "add_permission", "name": "Can add permission", "content_type": 1}}, {"pk": 2, "model": "auth.permission", "fields": {"codename": "change_permission", "name": "Can change permission", "content_type": 1}}, {"pk": 3, "model": "auth.permission", "fields": {"codename": "delete_permission", "name": "Can delete permission", "content_type": 1}}, {"pk": 4, "model": "auth.permission", "fields": {"codename": "add_group", "name": "Can add group", "content_type": 2}}, {"pk": 5, "model": "auth.permission", "fields": {"codename": "change_group", "name": "Can change group", "content_type": 2}}, {"pk": 6, "model": "auth.permission", "fields": {"codename": "delete_group", "name": "Can delete group", "content_type": 2}}, {"pk": 7, "model": "auth.permission", "fields": {"codename": "add_user", "name": "Can add user", "content_type": 3}}, {"pk": 8, "model": "auth.permission", "fields": {"codename": "change_user", "name": "Can change user", "content_type": 3}}, {"pk": 9, "model": "auth.permission", "fields": {"codename": "delete_user", "name": "Can delete user", "content_type": 3}}, {"pk": 10, "model": "auth.permission", "fields": {"codename": "add_contenttype", "name": "Can add content type", "content_type": 4}}, {"pk": 11, "model": "auth.permission", "fields": {"codename": "change_contenttype", "name": "Can change content type", "content_type": 4}}, {"pk": 12, "model": "auth.permission", "fields": {"codename": "delete_contenttype", "name": "Can delete content type", "content_type": 4}}, {"pk": 13, "model": "auth.permission", "fields": {"codename": "add_session", "name": "Can add session", "content_type": 5}}, {"pk": 14, "model": "auth.permission", "fields": {"codename": "change_session", "name": "Can change session", "content_type": 5}}, {"pk": 15, "model": "auth.permission", "fields": {"codename": "delete_session", "name": "Can delete session", "content_type": 5}}, {"pk": 16, "model": "auth.permission", "fields": {"codename": "add_site", "name": "Can add site", "content_type": 6}}, {"pk": 17, "model": "auth.permission", "fields": {"codename": "change_site", "name": "Can change site", "content_type": 6}}, {"pk": 18, "model": "auth.permission", "fields": {"codename": "delete_site", "name": "Can delete site", "content_type": 6}}, {"pk": 19, "model": "auth.permission", "fields": {"codename": "add_vote", "name": "Can add vote", "content_type": 7}}, {"pk": 20, "model": "auth.permission", "fields": {"codename": "change_vote", "name": "Can change vote", "content_type": 7}}, {"pk": 21, "model": "auth.permission", "fields": {"codename": "delete_vote", "name": "Can delete vote", "content_type": 7}}, {"pk": 22, "model": "auth.permission", "fields": {"codename": "add_userrating", "name": "Can add user rating", "content_type": 8}}, {"pk": 23, "model": "auth.permission", "fields": {"codename": "change_userrating", "name": "Can change user rating", "content_type": 8}}, {"pk": 24, "model": "auth.permission", "fields": {"codename": "delete_userrating", "name": "Can delete user rating", "content_type": 8}}, {"pk": 25, "model": "auth.permission", "fields": {"codename": "add_bugreport", "name": "Can add bug report", "content_type": 9}}, {"pk": 26, "model": "auth.permission", "fields": {"codename": "change_bugreport", "name": "Can change bug report", "content_type": 9}}, {"pk": 27, "model": "auth.permission", "fields": {"codename": "delete_bugreport", "name": "Can delete bug report", "content_type": 9}}, {"pk": 28, "model": "auth.permission", "fields": {"codename": "add_basecategory", "name": "Can add base category", "content_type": 10}}, {"pk": 29, "model": "auth.permission", "fields": {"codename": "change_basecategory", "name": "Can change base category", "content_type": 10}}, {"pk": 30, "model": "auth.permission", "fields": {"codename": "delete_basecategory", "name": "Can delete base category", "content_type": 10}}, {"pk": 31, "model": "auth.permission", "fields": {"codename": "add_atom", "name": "Can add atom", "content_type": 11}}, {"pk": 32, "model": "auth.permission", "fields": {"codename": "change_atom", "name": "Can change atom", "content_type": 11}}, {"pk": 33, "model": "auth.permission", "fields": {"codename": "delete_atom", "name": "Can delete atom", "content_type": 11}}, {"pk": 34, "model": "auth.permission", "fields": {"codename": "add_video", "name": "Can add video", "content_type": 12}}, {"pk": 35, "model": "auth.permission", "fields": {"codename": "change_video", "name": "Can change video", "content_type": 12}}, {"pk": 36, "model": "auth.permission", "fields": {"codename": "delete_video", "name": "Can delete video", "content_type": 12}}, {"pk": 37, "model": "auth.permission", "fields": {"codename": "add_exposition", "name": "Can add exposition", "content_type": 13}}, {"pk": 38, "model": "auth.permission", "fields": {"codename": "change_exposition", "name": "Can change exposition", "content_type": 13}}, {"pk": 39, "model": "auth.permission", "fields": {"codename": "delete_exposition", "name": "Can delete exposition", "content_type": 13}}, {"pk": 40, "model": "auth.permission", "fields": {"codename": "add_note", "name": "Can add note", "content_type": 14}}, {"pk": 41, "model": "auth.permission", "fields": {"codename": "change_note", "name": "Can change note", "content_type": 14}}, {"pk": 42, "model": "auth.permission", "fields": {"codename": "delete_note", "name": "Can delete note", "content_type": 14}}, {"pk": 43, "model": "auth.permission", "fields": {"codename": "add_example", "name": "Can add example", "content_type": 15}}, {"pk": 44, "model": "auth.permission", "fields": {"codename": "change_example", "name": "Can change example", "content_type": 15}}, {"pk": 45, "model": "auth.permission", "fields": {"codename": "delete_example", "name": "Can delete example", "content_type": 15}}, {"pk": 46, "model": "auth.permission", "fields": {"codename": "add_class", "name": "Can add class", "content_type": 16}}, {"pk": 47, "model": "auth.permission", "fields": {"codename": "change_class", "name": "Can change class", "content_type": 16}}, {"pk": 48, "model": "auth.permission", "fields": {"codename": "delete_class", "name": "Can delete class", "content_type": 16}}, {"pk": 49, "model": "auth.permission", "fields": {"codename": "add_classcategory", "name": "Can add class category", "content_type": 17}}, {"pk": 50, "model": "auth.permission", "fields": {"codename": "change_classcategory", "name": "Can change class category", "content_type": 17}}, {"pk": 51, "model": "auth.permission", "fields": {"codename": "delete_classcategory", "name": "Can delete class category", "content_type": 17}}, {"pk": 52, "model": "auth.permission", "fields": {"codename": "add_question", "name": "Can add question", "content_type": 18}}, {"pk": 53, "model": "auth.permission", "fields": {"codename": "change_question", "name": "Can change question", "content_type": 18}}, {"pk": 54, "model": "auth.permission", "fields": {"codename": "delete_question", "name": "Can delete question", "content_type": 18}}, {"pk": 55, "model": "auth.permission", "fields": {"codename": "add_assignment", "name": "Can add assignment", "content_type": 19}}, {"pk": 56, "model": "auth.permission", "fields": {"codename": "change_assignment", "name": "Can change assignment", "content_type": 19}}, {"pk": 57, "model": "auth.permission", "fields": {"codename": "delete_assignment", "name": "Can delete assignment", "content_type": 19}}, {"pk": 58, "model": "auth.permission", "fields": {"codename": "add_assignmentinstance", "name": "Can add assignment instance", "content_type": 20}}, {"pk": 59, "model": "auth.permission", "fields": {"codename": "change_assignmentinstance", "name": "Can change assignment instance", "content_type": 20}}, {"pk": 60, "model": "auth.permission", "fields": {"codename": "delete_assignmentinstance", "name": "Can delete assignment instance", "content_type": 20}}, {"pk": 61, "model": "auth.permission", "fields": {"codename": "add_questioninstance", "name": "Can add question instance", "content_type": 21}}, {"pk": 62, "model": "auth.permission", "fields": {"codename": "change_questioninstance", "name": "Can change question instance", "content_type": 21}}, {"pk": 63, "model": "auth.permission", "fields": {"codename": "delete_questioninstance", "name": "Can delete question instance", "content_type": 21}}, {"pk": 64, "model": "auth.permission", "fields": {"codename": "add_choiceinstance", "name": "Can add choice instance", "content_type": 22}}, {"pk": 65, "model": "auth.permission", "fields": {"codename": "change_choiceinstance", "name": "Can change choice instance", "content_type": 22}}, {"pk": 66, "model": "auth.permission", "fields": {"codename": "delete_choiceinstance", "name": "Can delete choice instance", "content_type": 22}}, {"pk": 67, "model": "auth.permission", "fields": {"codename": "add_variable", "name": "Can add variable", "content_type": 23}}, {"pk": 68, "model": "auth.permission", "fields": {"codename": "change_variable", "name": "Can change variable", "content_type": 23}}, {"pk": 69, "model": "auth.permission", "fields": {"codename": "delete_variable", "name": "Can delete variable", "content_type": 23}}, {"pk": 70, "model": "auth.permission", "fields": {"codename": "add_logentry", "name": "Can add log entry", "content_type": 24}}, {"pk": 71, "model": "auth.permission", "fields": {"codename": "change_logentry", "name": "Can change log entry", "content_type": 24}}, {"pk": 72, "model": "auth.permission", "fields": {"codename": "delete_logentry", "name": "Can delete log entry", "content_type": 24}}, {"pk": 73, "model": "auth.permission", "fields": {"codename": "add_category", "name": "Can add Category", "content_type": 25}}, {"pk": 74, "model": "auth.permission", "fields": {"codename": "change_category", "name": "Can change Category", "content_type": 25}}, {"pk": 75, "model": "auth.permission", "fields": {"codename": "delete_category", "name": "Can delete Category", "content_type": 25}}, {"pk": 76, "model": "auth.permission", "fields": {"codename": "add_forum", "name": "Can add Forum", "content_type": 26}}, {"pk": 77, "model": "auth.permission", "fields": {"codename": "change_forum", "name": "Can change Forum", "content_type": 26}}, {"pk": 78, "model": "auth.permission", "fields": {"codename": "delete_forum", "name": "Can delete Forum", "content_type": 26}}, {"pk": 79, "model": "auth.permission", "fields": {"codename": "add_topic", "name": "Can add Topic", "content_type": 27}}, {"pk": 80, "model": "auth.permission", "fields": {"codename": "change_topic", "name": "Can change Topic", "content_type": 27}}, {"pk": 81, "model": "auth.permission", "fields": {"codename": "delete_topic", "name": "Can delete Topic", "content_type": 27}}, {"pk": 82, "model": "auth.permission", "fields": {"codename": "add_post", "name": "Can add Post", "content_type": 28}}, {"pk": 83, "model": "auth.permission", "fields": {"codename": "change_post", "name": "Can change Post", "content_type": 28}}, {"pk": 84, "model": "auth.permission", "fields": {"codename": "delete_post", "name": "Can delete Post", "content_type": 28}}, {"pk": 85, "model": "auth.permission", "fields": {"codename": "add_profile", "name": "Can add Profile", "content_type": 29}}, {"pk": 86, "model": "auth.permission", "fields": {"codename": "change_profile", "name": "Can change Profile", "content_type": 29}}, {"pk": 87, "model": "auth.permission", "fields": {"codename": "delete_profile", "name": "Can delete Profile", "content_type": 29}}, {"pk": 88, "model": "auth.permission", "fields": {"codename": "add_attachment", "name": "Can add Attachment", "content_type": 30}}, {"pk": 89, "model": "auth.permission", "fields": {"codename": "change_attachment", "name": "Can change Attachment", "content_type": 30}}, {"pk": 90, "model": "auth.permission", "fields": {"codename": "delete_attachment", "name": "Can delete Attachment", "content_type": 30}}, {"pk": 91, "model": "auth.permission", "fields": {"codename": "add_topicreadtracker", "name": "Can add Topic read tracker", "content_type": 31}}, {"pk": 92, "model": "auth.permission", "fields": {"codename": "change_topicreadtracker", "name": "Can change Topic read tracker", "content_type": 31}}, {"pk": 93, "model": "auth.permission", "fields": {"codename": "delete_topicreadtracker", "name": "Can delete Topic read tracker", "content_type": 31}}, {"pk": 94, "model": "auth.permission", "fields": {"codename": "add_forumreadtracker", "name": "Can add Forum read tracker", "content_type": 32}}, {"pk": 95, "model": "auth.permission", "fields": {"codename": "change_forumreadtracker", "name": "Can change Forum read tracker", "content_type": 32}}, {"pk": 96, "model": "auth.permission", "fields": {"codename": "delete_forumreadtracker", "name": "Can delete Forum read tracker", "content_type": 32}}, {"pk": 97, "model": "auth.permission", "fields": {"codename": "add_pollanswer", "name": "Can add Poll answer", "content_type": 33}}, {"pk": 98, "model": "auth.permission", "fields": {"codename": "change_pollanswer", "name": "Can change Poll answer", "content_type": 33}}, {"pk": 99, "model": "auth.permission", "fields": {"codename": "delete_pollanswer", "name": "Can delete Poll answer", "content_type": 33}}, {"pk": 100, "model": "auth.permission", "fields": {"codename": "add_pollansweruser", "name": "Can add Poll answer user", "content_type": 34}}, {"pk": 101, "model": "auth.permission", "fields": {"codename": "change_pollansweruser", "name": "Can change Poll answer user", "content_type": 34}}, {"pk": 102, "model": "auth.permission", "fields": {"codename": "delete_pollansweruser", "name": "Can delete Poll answer user", "content_type": 34}}, {"pk": 103, "model": "auth.permission", "fields": {"codename": "add_kvstore", "name": "Can add kv store", "content_type": 35}}, {"pk": 104, "model": "auth.permission", "fields": {"codename": "change_kvstore", "name": "Can change kv store", "content_type": 35}}, {"pk": 105, "model": "auth.permission", "fields": {"codename": "delete_kvstore", "name": "Can delete kv store", "content_type": 35}}, {"pk": 1, "model": "auth.user", "fields": {"username": "tyan", "first_name": "", "last_name": "", "is_active": true, "is_superuser": true, "is_staff": true, "last_login": "2013-08-06T18:59:35Z", "groups": [], "user_permissions": [], "password": "pbkdf2_sha256$10000$tMyfREqhiuWh$0DoHfYXslc5X2uqz9DTiBavVXPd/DdVQZIlYteEiIXE=", "email": "tyan@umich.edu", "date_joined": "2013-08-06T18:57:05Z"}}, {"pk": 1, "model": "rating.vote", "fields": {"topic": 2, "note": null, "exposition": null, "user": 1, "atom": 9, "vote": 1, "video": null, "example": null}}, {"pk": 2, "model": "rating.vote", "fields": {"topic": 6, "note": null, "exposition": null, "user": 1, "atom": 9, "vote": 1, "video": null, "example": null}}, {"pk": 3, "model": "rating.vote", "fields": {"topic": null, "note": null, "exposition": null, "user": 1, "atom": 4, "vote": 1, "video": null, "example": 1}}, {"pk": 4, "model": "rating.vote", "fields": {"topic": null, "note": 1, "exposition": null, "user": 1, "atom": 4, "vote": 1, "video": null, "example": null}}, {"pk": 1, "model": "rating.userrating", "fields": {"rating": 264, "ExampleRating": 10, "LecNoteRating": 30, "TopicRating": 0, "VideoRating": 10, "VoteDown": 4, "VoteUp": 4, "ExpoRating": 10, "user": 1}}, {"pk": 1, "model": "web.video", "fields": {"date_modified": "2013-08-06T19:22:20Z", "title": "test video!!!!!", "classes_stickied_in": [1], "atoms": [15, 4], "content": "<b>-test</b>", "video": "HwXbtZXjbVE", "owner": 1, "date_created": "2013-08-06T19:22:20Z"}}, {"pk": 1, "model": "web.exposition", "fields": {"date_modified": "2013-08-06T19:22:58Z", "title": "exposition for web security", "classes_stickied_in": [1], "atoms": [9, 15, 4], "link": "http://en.wikipedia.org/wiki/Computer_security", "owner": 1, "date_created": "2013-08-06T19:22:58Z"}}, {"pk": 1, "model": "web.note", "fields": {"date_modified": "2013-08-06T19:23:22Z", "title": "note for deduplication", "classes_stickied_in": [1], "atoms": [9, 15, 4], "file": "notes/test.pdf", "owner": 1, "date_created": "2013-08-06T19:23:22Z"}}, {"pk": 2, "model": "web.note", "fields": {"date_modified": "2013-08-06T19:34:53Z", "title": "try another note", "classes_stickied_in": [], "atoms": [9], "file": "notes/dropBox_Confirmation_Letter.pdf", "owner": 1, "date_created": "2013-08-06T19:34:53Z"}}, {"pk": 3, "model": "web.note", "fields": {"date_modified": "2013-08-06T19:35:27Z", "title": "note for dedup 3", "classes_stickied_in": [1], "atoms": [9, 15, 4], "file": "notes/Air_China_Companion.pdf", "owner": 1, "date_created": "2013-08-06T19:35:27Z"}}, {"pk": 1, "model": "web.example", "fields": {"date_modified": "2013-08-06T19:23:53Z", "title": "example for a try with united airline", "classes_stickied_in": [1], "atoms": [9, 15, 4], "file": "examples/United_Airlines_-_Enrollment_Confirmation.pdf", "owner": 1, "date_created": "2013-08-06T19:23:53Z"}}, {"pk": 1, "model": "web.class", "fields": {"status": "N", "stickied_assignments": [], "instructors": [1], "date_modified": "2013-08-06T18:59:52Z", "students": [], "title": "eecs485", "summary": "There is currently no summary.", "owner": 1, "date_created": "2013-08-06T18:59:52Z"}}, {"pk": 1, "model": "admin.logentry", "fields": {"action_flag": 1, "action_time": "2013-08-06T19:01:18Z", "object_repr": "web ", "object_id": "1", "change_message": "", "user": 1, "content_type": 10}}, {"pk": 2, "model": "admin.logentry", "fields": {"action_flag": 3, "action_time": "2013-08-06T19:01:23Z", "object_repr": "web ", "object_id": "1", "change_message": "", "user": 1, "content_type": 10}}, {"pk": 3, "model": "admin.logentry", "fields": {"action_flag": 1, "action_time": "2013-08-06T19:02:11Z", "object_repr": "web networking", "object_id": "2", "change_message": "", "user": 1, "content_type": 10}}, {"pk": 4, "model": "admin.logentry", "fields": {"action_flag": 1, "action_time": "2013-08-06T19:02:32Z", "object_repr": "web Search", "object_id": "3", "change_message": "", "user": 1, "content_type": 10}}, {"pk": 5, "model": "admin.logentry", "fields": {"action_flag": 1, "action_time": "2013-08-06T19:03:20Z", "object_repr": "web security ", "object_id": "4", "change_message": "", "user": 1, "content_type": 10}}, {"pk": 6, "model": "admin.logentry", "fields": {"action_flag": 1, "action_time": "2013-08-06T19:03:34Z", "object_repr": "Data Mining", "object_id": "5", "change_message": "", "user": 1, "content_type": 10}}, {"pk": 1, "model": "pybb.forum", "fields": {"category": 1, "updated": null, "name": "Welcome & Web Overview", "post_count": 0, "topic_count": 0, "headline": null, "moderators": [1], "atom": 1, "position": 0, "hidden": false, "description": "There is currently no summary."}}, {"pk": 2, "model": "pybb.forum", "fields": {"category": 1, "updated": null, "name": "intro to Apache, MySQL", "post_count": 0, "topic_count": 0, "headline": null, "moderators": [1], "atom": 2, "position": 0, "hidden": false, "description": "Apache database"}}, {"pk": 3, "model": "pybb.forum", "fields": {"category": 1, "updated": null, "name": "TCP/IP", "post_count": 0, "topic_count": 0, "headline": null, "moderators": [1], "atom": 3, "position": 0, "hidden": false, "description": "Networking"}}, {"pk": 4, "model": "pybb.forum", "fields": {"category": 1, "updated": null, "name": "Dynamic Page Generation", "post_count": 0, "topic_count": 0, "headline": null, "moderators": [1], "atom": 4, "position": 0, "hidden": false, "description": "none"}}, {"pk": 5, "model": "pybb.forum", "fields": {"category": 1, "updated": null, "name": "Sessions and Personalization", "post_count": 0, "topic_count": 0, "headline": null, "moderators": [1], "atom": 5, "position": 0, "hidden": false, "description": "client-side and server-side"}}, {"pk": 6, "model": "pybb.forum", "fields": {"category": 1, "updated": null, "name": "Public Key Cryptography", "post_count": 0, "topic_count": 0, "headline": null, "moderators": [1], "atom": 6, "position": 0, "hidden": false, "description": "There is currently no summary."}}, {"pk": 7, "model": "pybb.forum", "fields": {"category": 1, "updated": null, "name": "Information Retrieval", "post_count": 0, "topic_count": 0, "headline": null, "moderators": [1], "atom": 7, "position": 0, "hidden": false, "description": "web search"}}, {"pk": 8, "model": "pybb.forum", "fields": {"category": 1, "updated": null, "name": "Link Analysis", "post_count": 0, "topic_count": 0, "headline": null, "moderators": [1], "atom": 8, "position": 0, "hidden": false, "description": "web Search"}}, {"pk": 9, "model": "pybb.forum", "fields": {"category": 1, "updated": "2013-08-06T19:14:41Z", "name": "Deduplication", "post_count": 14, "topic_count": 11, "headline": null, "moderators": [1], "atom": 9, "position": 0, "hidden": false, "description": "LSH"}}, {"pk": 10, "model": "pybb.forum", "fields": {"category": 1, "updated": null, "name": "MapReduce and Big Data", "post_count": 0, "topic_count": 0, "headline": null, "moderators": [1], "atom": 10, "position": 0, "hidden": false, "description": "search"}}, {"pk": 11, "model": "pybb.forum", "fields": {"category": 1, "updated": null, "name": "Supervised Learning", "post_count": 0, "topic_count": 0, "headline": null, "moderators": [1], "atom": 11, "position": 0, "hidden": false, "description": "There is currently no summary."}}, {"pk": 12, "model": "pybb.forum", "fields": {"category": 1, "updated": null, "name": "Unsupervised Learning ", "post_count": 0, "topic_count": 0, "headline": null, "moderators": [1], "atom": 12, "position": 0, "hidden": false, "description": "There is currently no summary."}}, {"pk": 13, "model": "pybb.forum", "fields": {"category": 1, "updated": null, "name": "Rule Induction", "post_count": 0, "topic_count": 0, "headline": null, "moderators": [1], "atom": 13, "position": 0, "hidden": false, "description": "There is currently no summary."}}, {"pk": 14, "model": "pybb.forum", "fields": {"category": 1, "updated": null, "name": "Text Mining", "post_count": 0, "topic_count": 0, "headline": null, "moderators": [1], "atom": 14, "position": 0, "hidden": false, "description": "There is currently no summary."}}, {"pk": 15, "model": "pybb.forum", "fields": {"category": 1, "updated": null, "name": "DNS", "post_count": 0, "topic_count": 0, "headline": null, "moderators": [1], "atom": 15, "position": 0, "hidden": false, "description": "Context Delivery Network"}}, {"pk": 1, "model": "pybb.topic", "fields": {"updated": "2013-08-06T19:09:17Z", "on_moderation": false, "name": "topic 1 holala", "forum": 9, "views": 2, "post_count": 1, "created": "2013-08-06T19:09:17Z", "subscribers": [1], "sticky": false, "user": 1, "closed": false, "poll_type": 0, "poll_question": null}}, {"pk": 2, "model": "pybb.topic", "fields": {"updated": "2013-08-06T19:09:45Z", "on_moderation": false, "name": "topic 2 for Deduplication", "forum": 9, "views": 1, "post_count": 1, "created": "2013-08-06T19:09:45Z", "subscribers": [1], "sticky": false, "user": 1, "closed": false, "poll_type": 0, "poll_question": null}}, {"pk": 3, "model": "pybb.topic", "fields": {"updated": "2013-08-06T19:10:23Z", "on_moderation": false, "name": "topic 3 from tyan", "forum": 9, "views": 3, "post_count": 2, "created": "2013-08-06T19:10:14Z", "subscribers": [1], "sticky": false, "user": 1, "closed": false, "poll_type": 0, "poll_question": null}}, {"pk": 4, "model": "pybb.topic", "fields": {"updated": "2013-08-06T19:10:54Z", "on_moderation": false, "name": "topic 4", "forum": 9, "views": 1, "post_count": 1, "created": "2013-08-06T19:10:54Z", "subscribers": [1], "sticky": false, "user": 1, "closed": false, "poll_type": 0, "poll_question": null}}, {"pk": 5, "model": "pybb.topic", "fields": {"updated": "2013-08-06T19:11:14Z", "on_moderation": false, "name": "topic 5 poll type", "forum": 9, "views": 2, "post_count": 1, "created": "2013-08-06T19:11:14Z", "subscribers": [1], "sticky": true, "user": 1, "closed": false, "poll_type": 0, "poll_question": null}}, {"pk": 6, "model": "pybb.topic", "fields": {"updated": "2013-08-06T19:11:41Z", "on_moderation": false, "name": "topic 6 seems can not be deleted", "forum": 9, "views": 3, "post_count": 1, "created": "2013-08-06T19:11:41Z", "subscribers": [1], "sticky": true, "user": 1, "closed": false, "poll_type": 0, "poll_question": null}}, {"pk": 7, "model": "pybb.topic", "fields": {"updated": "2013-08-06T19:12:34Z", "on_moderation": false, "name": "topic 7 go go go ", "forum": 9, "views": 4, "post_count": 3, "created": "2013-08-06T19:11:59Z", "subscribers": [1], "sticky": false, "user": 1, "closed": false, "poll_type": 0, "poll_question": null}}, {"pk": 8, "model": "pybb.topic", "fields": {"updated": "2013-08-06T19:13:06Z", "on_moderation": false, "name": "topic 8 stick it!!!!", "forum": 9, "views": 4, "post_count": 1, "created": "2013-08-06T19:13:06Z", "subscribers": [1], "sticky": true, "user": 1, "closed": false, "poll_type": 1, "poll_question": "try the question "}}, {"pk": 9, "model": "pybb.topic", "fields": {"updated": "2013-08-06T19:14:09Z", "on_moderation": false, "name": "topic 9", "forum": 9, "views": 2, "post_count": 1, "created": "2013-08-06T19:14:09Z", "subscribers": [1], "sticky": false, "user": 1, "closed": false, "poll_type": 0, "poll_question": null}}, {"pk": 10, "model": "pybb.topic", "fields": {"updated": "2013-08-06T19:14:28Z", "on_moderation": false, "name": "topic 10 finally?", "forum": 9, "views": 1, "post_count": 1, "created": "2013-08-06T19:14:28Z", "subscribers": [1], "sticky": false, "user": 1, "closed": false, "poll_type": 0, "poll_question": null}}, {"pk": 11, "model": "pybb.topic", "fields": {"updated": "2013-08-06T19:14:41Z", "on_moderation": false, "name": "topic 11 test the page!@", "forum": 9, "views": 1, "post_count": 1, "created": "2013-08-06T19:14:41Z", "subscribers": [1], "sticky": false, "user": 1, "closed": false, "poll_type": 0, "poll_question": null}}, {"pk": 1, "model": "pybb.post", "fields": {"body": "test", "user_ip": "127.0.0.1", "updated": null, "on_moderation": false, "created": "2013-08-06T19:09:17Z", "body_text": "test", "body_html": "test", "topic": 1, "user": 1}}, {"pk": 2, "model": "pybb.post", "fields": {"body": "test 2", "user_ip": "127.0.0.1", "updated": null, "on_moderation": false, "created": "2013-08-06T19:09:45Z", "body_text": "test 2", "body_html": "test 2", "topic": 2, "user": 1}}, {"pk": 3, "model": "pybb.post", "fields": {"body": "test 3", "user_ip": "127.0.0.1", "updated": null, "on_moderation": false, "created": "2013-08-06T19:10:14Z", "body_text": "test 3", "body_html": "test 3", "topic": 3, "user": 1}}, {"pk": 4, "model": "pybb.post", "fields": {"body": "[quote=\"tyan\"]test 3[/quote]\r\ntest test test", "user_ip": "127.0.0.1", "updated": null, "on_moderation": false, "created": "2013-08-06T19:10:23Z", "body_text": "tyantest 3test test test", "body_html": "<blockquote><em>tyan</em><br/>test 3</blockquote>test test test", "topic": 3, "user": 1}}, {"pk": 5, "model": "pybb.post", "fields": {"body": "topic", "user_ip": "127.0.0.1", "updated": null, "on_moderation": false, "created": "2013-08-06T19:10:54Z", "body_text": "topic", "body_html": "topic", "topic": 4, "user": 1}}, {"pk": 6, "model": "pybb.post", "fields": {"body": "post post post ", "user_ip": "127.0.0.1", "updated": null, "on_moderation": false, "created": "2013-08-06T19:11:14Z", "body_text": "post post post ", "body_html": "post post post ", "topic": 5, "user": 1}}, {"pk": 7, "model": "pybb.post", "fields": {"body": "not deleted?", "user_ip": "127.0.0.1", "updated": null, "on_moderation": false, "created": "2013-08-06T19:11:41Z", "body_text": "not deleted?", "body_html": "not deleted?", "topic": 6, "user": 1}}, {"pk": 8, "model": "pybb.post", "fields": {"body": "go go go", "user_ip": "127.0.0.1", "updated": null, "on_moderation": false, "created": "2013-08-06T19:11:59Z", "body_text": "go go go", "body_html": "go go go", "topic": 7, "user": 1}}, {"pk": 9, "model": "pybb.post", "fields": {"body": "[quote=\"tyan\"]go go go[/quote]\r\n", "user_ip": "127.0.0.1", "updated": null, "on_moderation": false, "created": "2013-08-06T19:12:15Z", "body_text": "tyango go go", "body_html": "<blockquote><em>tyan</em><br/>go go go</blockquote>", "topic": 7, "user": 1}}, {"pk": 10, "model": "pybb.post", "fields": {"body": "[quote=\"tyan\"][quote=\"tyan\"]go go go[/quote]\r\n[/quote]\r\nlooks like the face can not be added", "user_ip": "127.0.0.1", "updated": null, "on_moderation": false, "created": "2013-08-06T19:12:34Z", "body_text": "tyantyango go golooks like the face can not be added", "body_html": "<blockquote><em>tyan</em><br/><blockquote><em>tyan</em><br/>go go go</blockquote></blockquote>looks like the face can not be added", "topic": 7, "user": 1}}, {"pk": 11, "model": "pybb.post", "fields": {"body": "@@@@@@", "user_ip": "127.0.0.1", "updated": null, "on_moderation": false, "created": "2013-08-06T19:13:06Z", "body_text": "@@@@@@", "body_html": "@@@@@@", "topic": 8, "user": 1}}, {"pk": 12, "model": "pybb.post", "fields": {"body": "this is the 9th. ", "user_ip": "127.0.0.1", "updated": null, "on_moderation": false, "created": "2013-08-06T19:14:09Z", "body_text": "this is the 9th. ", "body_html": "this is the 9th. ", "topic": 9, "user": 1}}, {"pk": 13, "model": "pybb.post", "fields": {"body": "finally?", "user_ip": "127.0.0.1", "updated": null, "on_moderation": false, "created": "2013-08-06T19:14:28Z", "body_text": "finally?", "body_html": "finally?", "topic": 10, "user": 1}}, {"pk": 14, "model": "pybb.post", "fields": {"body": "!!", "user_ip": "127.0.0.1", "updated": null, "on_moderation": false, "created": "2013-08-06T19:14:41Z", "body_text": "!!", "body_html": "!!", "topic": 11, "user": 1}}, {"pk": 1, "model": "pybb.profile", "fields": {"show_signatures": true, "language": "en-us", "signature_html": "", "time_zone": 3.0, "post_count": 14, "avatar": "", "signature": "", "autosubscribe": true, "user": 1}}, {"pk": 10, "model": "pybb.topicreadtracker", "fields": {"topic": 6, "time_stamp": "2013-08-06T19:17:31Z", "user": 1}}, {"pk": 11, "model": "pybb.topicreadtracker", "fields": {"topic": 7, "time_stamp": "2013-08-06T20:03:42Z", "user": 1}}, {"pk": 14, "model": "pybb.topicreadtracker", "fields": {"topic": 8, "time_stamp": "2013-08-06T19:14:53Z", "user": 1}}, {"pk": 16, "model": "pybb.topicreadtracker", "fields": {"topic": 9, "time_stamp": "2013-08-06T19:17:57Z", "user": 1}}, {"pk": 17, "model": "pybb.topicreadtracker", "fields": {"topic": 10, "time_stamp": "2013-08-06T19:14:28Z", "user": 1}}, {"pk": 18, "model": "pybb.topicreadtracker", "fields": {"topic": 11, "time_stamp": "2013-08-06T19:14:41Z", "user": 1}}, {"pk": 1, "model": "pybb.forumreadtracker", "fields": {"time_stamp": "2013-08-06T19:11:18Z", "user": 1, "forum": 9}}, {"pk": 1, "model": "pybb.pollansweruser", "fields": {"timestamp": "2013-08-06T19:13:13Z", "poll_answer": 1, "user": 1}}]